tipo_sensor,count,mean,std,min,25%,50%,75%,max,clase_media
temperatura,50.0,20.089517647058823,1.9222366953355585,13.81,19.94139705882353,19.94139705882353,19.94139705882353,27.42,5.02
humedad,50.0,67.17497384615385,4.798811364662282,45.76,68.71984615384615,68.71984615384615,68.71984615384615,75.43,5.02
ph,50.0,6.387711940298509,0.50801423696332,4.64,6.4078358208955235,6.4078358208955235,6.4078358208955235,7.96,5.02
nitrógeno,50.0,95.08987395833334,23.921954914607767,12.75,98.31911458333335,98.31911458333335,98.31911458333335,188.25,5.02
fósforo,50.0,104.76978181818184,22.78833869398011,11.45,107.63878787878788,107.63878787878788,107.63878787878788,164.1,5.02
potasio,50.0,100.81520597014925,23.908388119502064,36.26,98.74350746268658,98.74350746268658,98.74350746268658,182.15,5.02
conductividad,50.0,2.322595652173913,0.5124169083278577,0.9,2.297173913043478,2.297173913043478,2.297173913043478,3.71,5.02
